brand,product_name,price,product_category,type_category,url,ingredients
Kiehl's,Ultra Facial Cleanser,cheap,"dry,sen0",cleanser,https://www.kiehls.com/dw/image/v2/AANG_PRD/on/demandware.static/-/Sites-kiehls-master-catalog/default/dw5e6e3cdb/Kiehls_ECOMM_2000/SKIN_CARE/Cleansers_Scrubs_and_Masques/Ultra_Facial_Cleanser/Ultra_Facial_Cleanser_3605970024192_5.0fl.oz..jpg?sw=465&sh=390&sm=fit&q=70,"Water, Sodium Laureth Sulfate, Decyl Glucoside, Glycerin, Cocamidopropyl Betaine, Disodium Cocoamphodiacetate, Acrylate Copolymer, PEG-200 Hydrogenated Glyceryl Palmate, Lauryl Glucoside, Sodium Chloride, Pentylene Glycol, Triethanolamine, Phenoxyethanol, PEG-7 Glyceryl Cocoate, Ethylhexylglycerin, Distearyl Ether, Behenyl Alcohol, Methylparaben, Laureth-2, Citric Acid, Disodium EDTA, Propylparaben, Polyaminopropyl Biguanide, Sodium Methylparaben, Squalane, Prunus Amygdalus Dulcis (Sweet Almond) Oil, Prunus Armeniaca (Apricot) Kernel Oil, Tocopherol, Ascorbyl Glucoside, Persea Gratissima (Avocado) Oil"
Shiseido,The Skincare Gentle Cleansing Cream,normal,"dry,sen0",cleanser,https://www.beautypedia.com/wp-content/uploads/2012/04/051ADB1A-2521-449F-9340-F37891BA9D5D_ShiseidoTheSkincareGentleCleansingCream.jpg,"Water, Cyclomethicone, SD Alcohol 40-B, Dimethicone, PEG-60 Hydrogenated Castor Oil, Xylitol, Carbomer, Potassium Hydroxide, Acrylates C10-30 Acrylates Crosspolymer, Methylparaben, Fragrance, Trisodium EDTA"
SkinCeuticals,Purifying Cleanser,expensive,"dry,sen0",cleanser,https://www.beautypedia.com/wp-content/uploads/2012/04/D0658008-993B-43A4-85B7-519746682C90_SkinCeuticals_PurifyingCleanser.jpg,"Aqua/Water/Eau, Propylene Glycol, PEG-30 Glyceryl Cocoate, Captryl/Capramidopropyl Betaine, Glycerin, Disodium Laureth Sulfosuccinate, Cocamidopropyl Betaine, Sodium Chloride, Xanthan Gum, Glycolic Acid, Phenoxyethanol, Sodium Hydroxide, Benzoic Acid, Tocopheryl Acetate"
Ole Henriksen,On the Go Cleanser,cheap,"dry,sen1",cleanser,https://www.beautypedia.com/wp-content/uploads/2009/11/F0CCD55A-BE30-4669-A65D-95F0311898E4_OleHenriksenOnTheGoCleanser.jpg,"Water (Aqua, Eau), Cocamidopropyl Hydroxysultaine, Decyl Glucoside, Glycerin, Sodium Lauroyl Sarcosinate, PEG-150 Distearate, Sorbitol, Aloe Barbadensis Leaf Juice, Tocopheryl Acetate, Thioctic Acid, Calcium Ascorbate, Ascorbic Acid, Citrus Aurantium Dulcis (Orange) Fruit Extract, Hamamelis Virginiana (Witch Hazel) Water, Ulmus Fulva Bark Extract, Macrocystis Pyrifera Extract, Yucca Schidigera Leaf/Root/Stem Extract, Quillaja Saponaria Bark Extract, Vitis Vinifera (Grape) Seed Oil, Polysorbate 20, Phenoxyethanol, Chlorphenesin, Annatto, Fragrance (Parfum)"
La Roche-Posay,Effaclar Purifying Cleansing Gel,normal,cleanser,"dry,sen1",https://s1.thcdn.com/productimg/1600/1600/11091822-1904492013074791.jpg,"Water, Decyl Glucoside, Sodium Laureth Sulfate, Peg-120 Methylglucose Dioleate, Polyglyceryl 3-Hydroxylauryl Ether, Peg-4 Dilaurate, Peg-4 Laurate, Zinc Pca, Disodium Edta, Citric Acid, Polyquaternium-7, Iodoproponyl Butylcarbamate, Peg-4, Methylparaben, Propylparaben, Fragrance"
La Roche-Posay,Effaclar Cleansing,expensive,cleanser,"dry,sen1",https://s1.thcdn.com/productimg/1600/1600/11434754-1284473902241453.jpg,"Aqua / Water, Sodium Laureth Sulfate, PEG-8, Coco-Betaine, Hexylene Glycol, Sodium Chloride, PEG-120 Methyl Glucose Dioleate, Zinc PCA, Sodium Hydroxide, Citric Acid, Sodium Benzoate, Phenoxyethanol, Caprylyl Glycol, Parfum / Fragrance"
Vichy,Purete Thermale Perfecting Toner,cheap,"oily,sen0",cleanser,https://s1.thcdn.com/productimg/1600/1600/11119870-7704590342761475.jpg,"Water, Glycerin, Peg-8, Peg-60 Hydrogenated Castor Oil, Ci 17200/Red 33, Tocopheryl Acetate, Citric Acid, Panthenol, Myrtrimonium Bromide, Butylene Glycol, Butyrospermum Parkii Seedcake Extract/Shea Butter Seedcake Extract, Fragrance"
Vichy,Purete Thermale Fresh Cleansing Gel,normal,"oily,sen0",cleanser,https://s1.thcdn.com/productimg/960/960/11119868-1734309291118445.jpg,"Aqua/Water, Glycerin, Coco-Betaine, Sodium Cocoyl Glycinate, Peg-120 Methyl Glucose Dioleate, Sodium Chloride, Dipropylene Glycol, Lauric Acid, Triethanolamine, Moringa Pterygosperma Seed Extract, Phenoxyethanol, Caprylyl Glycol, Citric Acid, Tetrasodium Edta, Parfum/Fragrance"
Darphin,Lumiere Essentielle Illuminating Micellar Cleanser,expensive,"oily,sen0",cleanser,https://s1.thcdn.com/productimg/1600/1600/11686003-7924619088524829.jpg,"Caprylic/Capric Triglyceride, Octyldodecanol, Glycerin, Water\Aqua\Eau, Trimethylolpropane Triisostearate, Polyglyceryl-10 Laurate, Citrus Nobilis (Mandarin Orange) Peel Oil, Citrus Aurantium Dulcis (Orange) Flower Oil, Citrus Aurantium Dulcis (Orange) Oil, Squalane, Santalum Album (Sandalwood) Oil, Rosa Damascena (Rose) Flower Oil, Cananga Odorata Flower Oil, Butylene Glycol, Bisabolol, Tocopheryl Acetate, Butyl Methoxydibenzoylmethane, Ethylhexyl Salicylate, Ethylhexyl Methoxycinnamate, Citric Acid, Linalool, Limonene"
DHC,Deep Cleansing Oil,cheap,"oily,sen1",cleanser,https://s1.thcdn.com/productimg/1600/1600/11207442-2484587225629865.jpg,"Olea Europaea (Olive) Fruit Oil, Caprylic/Capric Triglyceride, Sorbeth-30 Tetraoleate, Pentylene Glycol, Phenoxyethanol, Tocopherol, Stearyl Glycyrrhetinate, Rosmarinus Officinalis (Rosemary) Leaf Oil"
BareMinerals,OIL OBSESSED Oil Cleanser,normal,"oily,sen1",cleanser,https://s1.thcdn.com/productimg/960/960/11262515-1044392557373813.jpg,"Carthamus Tinctorius (Safflower) Seed Oil, Coconut Alkanes, Pentaerythrityl Tetraethylhexanoate, Sorbeth-30 Tetraisostearate, Squalane, Coco-Caprylate/Caprate, Water (Aqua/Eau), Tocopherol, Borago Officinalis Seed Oil, Cucumis Sativus (Cucumber) Seed Oil, Vaccinium Myrtillus Seed Oil, Helianthus Annuus (Sunflower) Seed Oil, Sea Salt (Maris Sal/Sel Marin), Fragrance (Parfum), Limonene, Linalool, Phenoxyethanol"
Chantecaille,Rice & Geranium Foaming Cleanser,expensive,"oily,sen1",cleanser,https://s1.thcdn.com/productimg/1600/1600/11219094-1034644213746103.jpg,"Water/Aqua, Potassium Myristate, Glycerin, Potassium Stearate, Myristic Acid, Butylene Glycol, Sodium Lauroyl Glutamate, Stearic Acid, Glyceryl Sterate, Lauramide Dea, Citrus Aurantium Dulcis (Orange) Flower Water, Butyrospermum Parkii (Shea Butter) Fruit, Squlane, Behenyl Alcohol, Methylmethacrylate Cross Polymer, Oryza Sativa (Rice) Bran Extract, Pelargonium Graveolens Flower Oil, Fucus Vesiculosus Extract, Natto Gum, Olea Europaea (Olive) Leaf Extract, Hydrolyzed Wheat Protein, Dipotassium Glycyrrhizate, Lithospermum Erythrorhizone Root Extract, Alcohol, Methylparaben, Butylparaben, Disodium Edta"
Neutrogena,Hydro Boost Water Gel Cleanser,cheap,"normal,sen0",cleanser,https://s1.thcdn.com/productimg/1600/1600/11433777-1484654110721599.jpg,"Aqua, Glycerin, Cocamidopropyl Hydroxysultaine, Sodium Cocoyl Isethionate, Sodium Methyl Cocoyl Taurate, Sodium Hydrolyzed Potato Starch Dodecenylsuccinate, Hydrolyzed Hyaluronic Acid, Ethylhexylglycerin, Linoleamidopropyl PG-Dimonium Chloride Phosphate, Polyquaternium-10, Polysorbate 20, Sodium Isethionate, Sodium Lauryl Sulfate, Sodium C14-16 Olefin Sulfonate , Potassium Acrylates Copolymer, Sodium Chloride, Propylene Glycol, Disodium EDTA, Citric Acid, Sodium Hydroxide, Hydroxyacetophenone, Tocopheryl Acetate, Phenoxyethanol, Parfum"
FARMACY,New Day Gentle Exfoliating Grains,normal,"normal,sen0",cleanser,https://s1.thcdn.com/productimg/1600/1600/11787601-2754602457951173.jpg,"Sodium Cocoyl Isethionate, Zea Mays (Corn) Starch, Sodium Bicarbonate, Sodium Lauroyl Glutamate, Vaccinium Macrocarpon (Cranberry) Seed Powder, Citric Acid, Water/Aqua/Eau, Mannan, Phaseolus Angularis (Adzuki) Seed Powder, Spirulina Plantensis Powder, Echinacea Purpurea Root Extract, P-Anisic Acid, Salix Alba (Willow) Bark Extract, Ascorbic Acid, Tetrahexyldecyl Ascorbate, Glycerin, Butylene Glycol, Lactobacillus/Lemon Peel Ferment Extract, Camellia Oleifera Leaf Extract, Daucus Carota Sativa (Carrot) Root Extract, Althaea Officinalis Root Extract"
Bobbi Brown,Soothing Cleansing Oil,expensive,"normal,sen0",cleanser,https://s1.thcdn.com/productimg/1600/1600/11512178-3594503175370472.jpg,"Isopropyl Palmitate, Triethylhexanoin, Isodecyl Isononanoate, PEG-20 Glyceryl Triisostearate, Polybutene, Triisostearin, PEG-8 Diisostearate, PEG-12 Diisostearate, Aleurites Molucana Seed Oil, Simmondsia Chinensis Seed Oil, Olea Europaea Fruit Oil, Helianthus Annuus Seed Oil, Zingiber Officinale Root Extract, Bixa Orellana Seed Extract, Lavandula Angustfolia, Jasminum Officinale Flower Wax, Glycerin, Methyldihydrojasmonate, Pentylene Glycol, Glyceryl Laurate, Bisobolol, Tocopheryl Acetate, Linalool, Water"
Trilogy,Cream Cleanser,normal,"normal,sen1",cleanser,https://s1.thcdn.com/productimg/0/960/960/01/10305401-1414081804-895775.jpg,"Aqua (Water), Prunus Amygdalus Dulcis (Sweet Almond) Oil, Glycerin (Vegetable), Rosa Canina (Rosehip) Seed Oil, Cetearyl Olivate (and) sorbitan olivate, Cetearyl alcohol, Oenothera Biennis (Evening Primrose) Seed Oil, Simmondsia Chinensis (Jojoba) Seed Oil, Tocopheryl Acetate (Vitamin E), Aloe Barbadensis (Aloe Vera)"
Burt's Bees,Sensitive Facial Cleanser,cheap,"normal,sen1",cleanser,https://s1.thcdn.com/productimg/0/600/600/31/10591831-1330954795-955074.jpg,"aqua (water, eau), helianthus annuus (sunflower) seed oil, glycerin, cetyl alcohol, cera alba (beeswax, cire d'abeille), sucrose stearate, cetearyl alcohol, cocos nucifera (coconut) oil, gossypium herbaceum (cotton) flower extractoryza sativa (rice) extract, beta vulgaris (beet, extrait de racine de betterave) root extract, quillaja saponaria bark extract, theobroma cacao (cocoa) seed butter, yucca schidigera leaf/root/stem extract, artemisia umbelliformis extract euphrasia officinalis extract, hamamelis virginiana (witch hazel) water, saccharum officinarum (sugar cane, extrait de canne à sucre) extract, aloe barbadensis leaf juice, silica, sucrose, fructose, glucose, coco-glucoside, inositol maltodextrin, citric acid, benzoic acid, trehalose, xanthan gum, potassium sorbate, sodium benzoate, CI 77947 (zinc oxide), alcohol denat., phenoxyethanol"
DECLÉOR,Phytopeel - Natural Exfoliating Cream,expensive,"normal,sen1",cleanser,https://s1.thcdn.com/productimg/1600/1600/10362793-2044568999793480.jpg,"Water (Aqua), Paraffin, Stearic Acid, Magnesium Aluminum Silicate, Triethanolamine, Citrus Medica Limonum (Lemon) Peel Oil, Lavandula Angustifolia (Lavender) Oil, Thymus Mastichina (Sweet Marjoram) Oil, Arctium Majus Root Extract, Sambucus Nigra Flower Extract, Thymus Vulgaris (Thyme) Oil, Malva Sylvestris (Mallow) Extract, Propylene Glycol, Glyceryl Stearate, Peg-100 Stearate, Montmorillonite, Tetrasodium Edta, D-Limonene, Linalool, Phenoxyethanol, Methylparaben, Ethylparaben, Butylparaben, Isobutylparaben, Propylparaben"
Bioderma,Sebium Pore Refiner Corrective Cream For Enlarged Pores,cheap,"pore,sen0",serum,https://s1.thcdn.com/productimg/1600/1600/11450889-1364572659988984.jpg,"Aqua/Water/Eau, Methyl Methacrylate Crosspolymer, Dipropylene Glycol, Cyclopentasiloxane, Cyclohexasiloxane, Dimethicone, Glycerin, Butylene Glycol, Fomes Officinalis (Mushroom) Extract, Sodium Polyacrylate, Salicylic Acid, Dodecyl Gallate, Ginkgo Biloba Leaf Extract, Mannitol, Xylitol, Rhamnose, Fructooligosaccharides, Laminaria Ochroleuca Extract, Silica, Trideceth-6, C30-45 Alkyl Cetearyl Dimethicone Crosspolymer, Lauryl Peg/Ppg- 18/18 Methicone, Caprylic/Capric Triglyceride, Mineral Oil (Paraffinum Liquidum), Pentylene Glycol, 1,2-Hexanediol, Peg/Ppg-18/18 Dimethicone, Caprylyl Glycol, Propylene Glycol, Sodium Hydroxide, Citric Acid, Disodium Edta, Fragrance (Parfum)"
La Roche-Posay,Rosaliac AR Intense Serum,normal,"pore,sen0",serum,https://s1.thcdn.com/productimg/960/960/11091876-1774278248220927.jpg,"Aqua / Water / Eau, Glycerin, Isostearyl Neopentanoate, Butylene Glycol, Pentylene Glycol, Polysorbate 20, Tambourissa Trichophylla Leaf Extract, Glyceryl Acrylate/Acrylic Acid Copolymer, Dimethicone, Dimethiconol, Ammonium Polyacryldimethyltauramide /Ammonium Polyacryloyldimethyl Taurate, Disodium EDTA, Acetyl Dipeptide-1 Cetyl Ester"
Lancôme,Advanced Génifique Serum,expensive,"pore,sen0",serum,"https://s1.thcdn.com/productimg/1600/1600/11185397-1734588742105361.jpg","Water, Bifida Ferment Lysate, Glycerin, Alcohol Denat., Dimethicone, Hydroxyethylpiperazine Ethane Sulfonic Acid, Ascorbyl Glucoside, Sodium Hyaluronate, Sodium Hydroxide, Sodium Benzoate, Phenoxyethanol, Adenosine, Faex Extract/Yeast Extract/Extrait De Levure, Peg-20 Methyl Glucose Sesquistearate, Peg-60 Hydrogenated Castor Oil, Salicyloyl Phytosphingosine, Ammonium Polyacryldimethyltauramide/Ammonium Polyacryloyldimethyl Taurate, Limonene, Xanthan Gum, Caprylyl Glycol, Disodium Edta, Octyldodecanol, Citronellol, Fragrance"
Hylamide,Glow Booster,cheap,"pore,sen1",serum,https://s1.thcdn.com/productimg/960/960/11241351-1794378323577242.jpg,"Aqua (Water), Erythrulose, Glycerin, Ppg-26-Buteth-26, Propanediol, Acetyl Hexapeptide-1, Dextran, Ethoxydiglycol, Dimethyl Isosorbide, Oxidised Glutathione, Citrulline, Citrullus Lanatus (Watermelon) Fruit Extract, Polypodium Vulgare Rhizome Extract, Cetraria Islandica Thallus Extract, Sphagnum Magellanicum Extract, Lactobacillus/Eriodictyon Californicum Ferment Extract, Phytic Acid, Phospholipids, Acacia Senegal Gum, Xanthan Gum, Trisodium Ethylenediamine Disuccinate, Peg-40 Hydrogenated Castor Oil, Leuconostoc/Radish Root Ferment Filtrate, Potassium Sorbate, Sodium Benzoate, 1,2-Hexanediol, Caprylyl Glycol, Phenoxyethanol, Citric Acid, Linalool, Farnesol"
Trilogy,CoQ10 Booster Oil,normal,"pore,sen1",serum,https://s1.thcdn.com/productimg/960/960/10557485-1304396459631322.jpg,"Macadamia ternifolia seed oil,Simmondsia Chinensis (Jojoba) Seed Oil,Helianthus annuus seed oil, Salvia Hispanica (Chia) Seed Oil, Nigella sativa,Calophyllum Tacamahaca (Tamanu) Seed Oil, Ubiquinone, Euterpe Oleracea fruit oil (and) Tocopherol, Vaccinium Angustifolia (Blueberry) Seed Oil,Fragaria Vesca (strawberry) Seed Oil,Punica Granatum (pomegranate) Seed Oil, Parfum, Citral, Geraniol, Citronellol,Limonene, Linalool"
Elizabeth Arden,Prevage Advanced Daily Serum,expensive,"pore,sen1",serum,https://s1.thcdn.com/productimg/960/960/10664989-1064395687096765.jpg,"Water/Aqua/Eau, Cyclopentasiloxane, Butylene Glycol, Pentylene Glycol, Dimethicone, Methyl Trimethicone, Isododecane, Dipropylene Glycol, Glycerin, Peg-75, Polysilicone-11, Panthenyl Triacetate, Caprylyl Methicone, Propylene Glycol, Hydroxydecyl Ubiquinoyl Dipalmitoyl Glycerate, Glycereth-26, Peg-10 Dimethicone, Ergothioneine, Chondrus Crispus Extract, Sodium Hyaluronate, Retinyl Linoleate, Tocopheryl Acetate, Glycine Soja (Soybean) Oil, Caprylyl Glycol, Coco-Caprylate/Caprate, Isohexadecane, Ppg-2 Isoceteth-20 Acetate, Urea, Acetyl Farnesylcysteine, Hydrogenated Lecithin, Lecithin, Lysophosphatidic Acid, Naringenin, Methylsilanol Hydroxyproline Aspartate, Palmitoyl Hexapeptide-19, Quercus Suber Bark Extract, Caprooyl Tetrapeptide-3, Oligopeptide-68, Acrylamide/Sodium Acryloyldimethyl Taurate Copolymer, Ammonium Acryloyldimethyltaurate/Vp Copolymer, Decyl Glucoside, Lysolecithin, Polysorbate 20, Polysorbate 80, Sodium Oleate, Polyimide-1, Dextran, Hexylene Glycol, Disodium Edta, Salicylic Acid, Mica, Tin Oxide, Aminopropyl Dimethicone, Parfum/Fragrance, Alpha-Isomethyl Ionone, Linalool, Benzophenone-4, Ethylparaben, Methylparaben, Phenoxyethanol, Potassium Sorbate, Propylparaben, Sodium Dehydroacetate, Sodium Methylparaben, Red 4 (Ci 14700), Titanium Dioxide (Ci 77891), Yellow 5 (Ci 19140)"
Olehenriksen,C-Rush Brightening Gel Crème,cheap,"uneven,sen0",serum,https://encrypted-tbn2.gstatic.com/shopping?q=tbn:ANd9GcSz963y0kA-OCedlqce88q35TCZ-n5Qzq9uy2thqw_s9Y8iQ9DAFiY&usqp=CAc,"Aqua/Water/Eau, Glycerin, Dicaprylyl Carbonate, Propanediol, Caprylic/Capric Triglyceride, 3-O-Ethyl Ascorbic Acid, Glycereth-26, Ammonium Acryloyldimethyltaurate/Beheneth-25 Methacrylate Crosspolymer, Hydrolyzed Jojoba Esters, Cetearyl Alcohol, Polyacrylate Crosspolymer-6, Hydroxyacetophenone, Panthenol, Polyglyceryl-3 Methylglucose Distearate, Tetrahexyldecyl Ascorbate, Linoleic Acid, Citric Acid, Phenoxyethanol, Parfum/Fragrance, Pentaerythrityl Tetra-Di-T-Butyl Hydroxyhydrocinnamate, Xanthan Gum, Cetearyl Glucoside, Linolenic Acid, Citrus Aurantium Dulcis (Orange) Fruit Extract, Citrus Limon (Lemon) Fruit Extract, Hippophae Rhamnoides Extract, Lycium Barbarum Fruit Extract, Rosa Canina Fruit Extract, Ethylhexylglycerin, Leuconostoc/Radish Root Ferment Filtrate, Sodium Citrate, Camellia Japonica Flower Extract, Aroma/Flavor, Sodium Hyaluronate, Sodium Polyacrylate, Sodium Phytate, Hyaluronic Acid, Vegetable Collagen, Ascorbic Acid, Tocopherol, Yellow 6 (CI 15985), Yellow 5 (CI 19140), Citral, Limonene, Linalool, Benzyl Alcohol"
PHYTO+,Hydrating botanical serum with kojic acid,normal,"uneven,sen0",serum,https://www.skinceuticals.com/dw/image/v2/AANG_PRD/on/demandware.static/-/Sites-acd-skinceuticals-master-catalog/default/dw14f7ded4/Products/SkinC-New-PDP-Images-Correct/Kojic-Acid-Serum-Phyto+-SkinCeuticals-635494162004.jpg?sw=340&sh=550&sm=fit&q=70,"aqua/water/eau, glycerin, propylene glycol, kojic acid, arbutin, polysorbate 80, phenoxyethanol, citrus grandis extract/grapefruit fruit extract, parfum/fragrance, sodium hyaluronate, arctostaphylos uva ursi/arctostaphylos uva ursi leaf extract, thymus vulgaris extract/thyme extract, cucumis sativus (cucumber) seed extract, hydroxyethylcellulose, ci 19140/yellow 5, ci 4200/blue 1"
Dr. Dennis Gross,Clinical Grade IPL Dark Spot Correcting Serum,expensive,"uneven,sen0",serum,https://drdennisgross.com/media/catalog/product/c/g/cg_ipl_dark_spot_btl_1oz_s_t_m.jpg,"Water/Aqua/Eau, Ethoxydiglycol, Ascorbic Acid, Lactic Acid, Glycerin, Propylene Glycol, Kojic Acid, Dimethyl Isosorbide, PVM/MA Decadiene Crosspolymer, Tocopherol, Mandelic Acid, Ferulic Acid, Arbutin, Arctostaphylos Uva Ursi Leaf Extract, Citrus Unshiu Peel Extract, Glycyrrhiza Glabra (Licorice) Root Extract, Morus Alba Bark Extract, Azelaic Acid, Glycolic Acid, Potassium Azeloyl Diglycinate, Sodium Hyaluronate, Quercetin, Phospholipids, Soy Isoflavones, Ergocalciferol, Panthenol, Leuconostoc/Radish Root Ferment Filtrate, Polysorbate 20, Polysorbate 80, Disodium EDTA, Potassium Hydroxide, Phenoxyethanol"
The Ordinary,10% Agireline Solution,cheap,"uneven,sen1",serum,https://s1.thcdn.com/productimg/1600/1600/11416769-3694508877230325.jpg,"Aqua (Water), Propanediol, Acetyl Hexapeptide-8, Trisodium Ethylenediamine Disuccinate, Gellan Gum, Sodium Chloride, Isoceteth-20, Dimethyl Isosorbide, Potassium Sorbate, Phenoxyethanol, Chlorphenesin"
La Roche-Posay,Rosaliac AR Intense Serum,normal,"uneven,sen1",serum,https://s1.thcdn.com/productimg/960/960/11091876-1774278248220927.jpg,"Aqua / Water / Eau, Glycerin, Isostearyl Neopentanoate, Butylene Glycol, Pentylene Glycol, Polysorbate 20, Tambourissa Trichophylla Leaf Extract, Glyceryl Acrylate/Acrylic Acid Copolymer, Dimethicone, Dimethiconol, Ammonium Polyacryldimethyltauramide /Ammonium Polyacryloyldimethyl Taurate, Disodium EDTA, Acetyl Dipeptide-1 Cetyl Ester"
Estée Lauder,Perfectionist Pro Rapid Firm + Lift Serum Hexapeptide-8,expensive,"uneven,sen1",serum,https://s1.thcdn.com/productimg/1600/1600/11689234-1784555880290857.jpg,"Water\Aqua\Eau, Dimethicone, Butylene Glycol, Caprylic/Capric Triglyceride, Glycerin, Bis-Peg-18 Methyl Ether Dimethyl Silane, Polysorbate 20, Lauryl Peg-9 Polydimethylsiloxyethyl Dimethicone, Polysilicone-11, Mangifera Indica (Mango) Seed Butter, Phoenix Dactylifera (Date) Fruit Extract, Pisum Sativum (Pea) Extract, Cucumis Sativus (Cucumber) Fruit Extract, Crithmum Maritimum Extract, Laminaria Ochroleuca Extract, Commiphora Mukul Resin Extract, Triticum Vulgare (Wheat) Germ Extract, Bambusa Vulgaris (Bamboo) Extract, Chlorella Vulgaris Extract, Laminaria Saccharina Extract, Brassica Campestris (Rapeseed) Sterols, Helianthus Annuus (Sunflower) Seed Extract, Algae Extract, Hypnea Musciformis (Algae) Extract, Sigesbeckia Orientalis (St. Paul's Wort) Extract, Nymphaea Alba (Water Lily) Flower Extract, Acetyl Glucosamine, Caffeine, Gellidiella Acerosa Extract, Coffea Arabica (Coffee) Seed Extract, Sodium Hyaluronate, Lactic Acid, Propylene Glycol Dicaprate, Saccharide Isomerate, Methyl Gluceth-20, Ethylhexylglycerin, Acrylamide/Sodium Acryloyldimethyltaurate Copolymer, Helianthus Annuus (Sunflower) Seedcake, Caprylyl Glycol, Isohexadecane, Tocopheryl Acetate, Acrylates/C10-30 Alkyl Acrylate Crosspolymer, Glyceryl Polymethacrylate, Sodium Polyacrylate Starch, Squalane, Sodium Pca, Urea, Zea Mays (Corn) Kernel Extract, Whey Protein\Lactis Protein\Proteine Du Petit-Lait, Palmaria Palmata Extract, Polysorbate 80, Acetyl Hexapeptide-8, Triolein, Hydrolyzed Rice Extract, Linoleic Acid, Trehalose, Glycine Soja (Soybean) Protein, Glucosamine Hcl, Phospholipids, Laminaria Digitata Extract, Hordeum Vulgare (Barley) Extract\Extrait D'orge, Polyquaternium-51, Palmitoyl Hexapeptide-12, Ergothioneine, Aminopropyl Ascorbyl Phosphate, Peg-8, Phytosteryl Canola Glycerides, Pentylene Glycol, Oleic Acid, Palmitic Acid, Xanthan Gum, Fragrance (Parfum), Sodium Hydroxide, Citric Acid, Silica, Calcium Chloride, Stearic Acid, Dipropylene Glycol, Sodium Palmitoyl Proline, Disodium EDTA, BHT, Potassium Sorbate, Phenoxyethanol, Mica, Titanium Dioxide (Ci 77891), Iron Oxides (Ci 77491, Ci 77492, Ci 77499) <Iln43743>"
Hylamide,Low-Molecular HA Booster,cheap,"acne,sen0",serum,https://s1.thcdn.com/productimg/960/960/11241353-6234379826524952.jpg,"Aqua (Water), Hydrolyzed Yeast Extract, Sodium Hyaluronate Crosspolymer, Saccharide Isomerate, Pentylene Glycol, Tamarindus Indica Seed Gum, Hydrolyzed Sodium Hyaluronate, Tremella Fuciformis Sporocarp Extract, Sodium Hyaluronate, Trisodium Ethylenediamine Disuccinate, Ppg-26-Buteth-26, Peg-40 Hydrogenated Castor Oil, Ethylhexylglycerin, Cetyl Hydroxyethylcellulose, Glycerin, Betaine, Citric Acid, Sodium Citrate, Polyglucuronic Acid, Potassium Sorbate, Sodium Benzoate, Lecithin, Chlorphenesin, Phenoxyethanol"
The Ordinary,Caffeine Solution 5% + EGCG,normal,"acne,sen0",serum,https://s1.thcdn.com/productimg/1600/1600/11396686-6704646034704709.jpg,"Aqua (Water), Caffeine, Maltodextrin, Glycerin, Propanediol, Epigallocatechin Gallatyl Glucoside, Gallyl Glucoside, Hyaluronic Acid, Oxidized Glutathione, Melanin, Glycine Soja (Soybean) Seed Extract, Urea, Pentylene Glycol, Hydroxyethylcellulose, Polyacrylate Crosspolymer-6, Xanthan gum, Lactic Acid, Dehydroacetic Acid, Trisodium Ethylenediamine Disuccinate, Propyl Gallate, Dimethyl Isosorbide, Benzyl Alcohol, 1,2-Hexanediol, Ethylhexylglycerin, Phenoxyethanol, Caprylyl Glycol"
Hylamide,SubQ Anti-Age,cheap,"antiaging,sen0",serum,https://s1.thcdn.com/productimg/960/960/11241349-2094378323537120.jpg,"Aqua (Water), Glycerin, Ethoxydiglycol, Hydrolyzedyeast Extract, Sodiumhyaluronate Crosspolymer, Pentylene Glycol, Tamarindus Indica Seed Gum, Pseudoalteromonas Fermentextract, Hydrolyzed Sodiumhyaluronate, Sodiumhyaluronate, Polyacrylatecrosspolymer-6, Trisodiumethylenediamine Disuccinate, Lactobacillus/Eriodictyoncalifornicum Fermentextract, Saccharideisomerate, Copperlysinate/Prolinate, Palmitoyl Tripeptide-38, Myristoyl Nonapeptide-3, Ahnfeltia Concinna Extract, Ethylhexylglycerin, Methylglucoside Phosphate, Cetylhydroxyethylcellulose, Hydroxypropylcyclodextrin, Polyglucuronic Acid, Hexylene Glycol, Salicylicacid, Lecithin, Phospholipids, Caprylyl Glycol, Sodiumhydroxide, Citric Acid, Potassium Sorbate, Sodiumbenzoate, Sodium Citrate, Chlorphenesin, Phenoxyethanol, Leuconostoc/Radish Rootferment Filtrate"
Hylamide,Sensitive Fix Booster,normal,"acne,sen0",serum,https://s1.thcdn.com/productimg/960/960/11241352-6804378323599724.jpg,"Aqua (Water), Sodium Hyaluronate Crosspolymer, Saccharide Isomerate, Butylene Glycol, Curculigo Orchioides Root Extract, Tamarindus Indica Seed Gum, Mirabilis Jalapa Extract, Trisodium Ethylenediamine Disuccinate, Propanediol, Pentylene Glycol, Glycerin, Lactobacillus/Eriodictyon Californicum Ferment Extract, Polyacrylate Crosspolymer-6, Citric Acid, Phospholipids, Ethylhexylglycerin, Sodium Citrate, Chlorphenesin, Phenoxyethanol, Leuconostoc/Radish Root Ferment Filtrate"
SkinCeuticals,Hydrating B5 Serum,expensive,"acne,sen0",serum,https://s1.thcdn.com/productimg/1600/1600/11705724-1494562629580688.jpg,"Aqua/Water/Eau, Phenoxyethanol, Calcium Pantothenate, Sodium Hyaluronate"
The Ordinary,Retinol Serum 1% in Squalane,cheap,"acne,sen1",serum,https://s1.thcdn.com/productimg/1600/1600/11638503-3854554514201461.jpg,"Aqua, Retinol, Squalan, Glyceryl Stearate, Ceteareth-12, Ceteareth-20, Cetearyl Alcohol, Carrageenan, Acacia Senegal Gum, Caprylic/Capric Triglyceride, Cetyl Palmitate, Sucrose Laurate, Polysorbate 20, Behentrimonium Chloride, Disodium EDTA, Dehydroacetic Acid, Benzoic Acid, Ethylhexylglycerin, Phenoxyethanol, Chlorphenesin"
The Ordinary,Granactive Retinoid 2% Emulsion,normal,"acne,sen1",serum,https://s1.thcdn.com/productimg/1600/1600/11363393-9604522930006374.jpg,"Aqua (Water), Ethyl Linoleate, Propanediol, Glycerin, Cetearyl Isononanoate, Bisabolol, Retinol, Hydroxypinacolone Retinoate, Tasmannia Lanceolata Fruit/Leaf Extract, Dimethyl Isosorbide, Inulin Lauryl Carbamate, Glyceryl Stearate, Ceteareth-12, Ceteareth-20, Cetearyl Alcohol, Carrageenan, Acacia Senegal Gum, Caprylic/Capric Triglyceride, Cetyl Palmitate, Sucrose Laurate, Polysorbate 20, Behentrimonium Chloride, Disodium EDTA, Dehydroacetic Acid, Benzoic Acid, Ethylhexylglycerin, Phenoxyethanol, Chlorphenesin"
Ecooking,Acne Serum,expensive,"acne,sen1",serum,https://s1.thcdn.com/productimg/1600/1600/11925881-5594622438006142.jpg,"Aqua, Ethoxydiglycol, Pseudoalteromonas Ferment Extract, Sodium Salicylate, Glycerin, Sodium PCA, Zink PCA, Salicylacid, Caprylyl Glycol, Hydrolyzed Wheat Protein, Hydrolyzed Soy Protein, Tripeptide-10 Citrulline, Tripeptide-1, Lecithin, Butylene Glycol, Xanthan Gum, Carbomer, Triethanolamine, Phenoxyethanol, Sodium Levulinate, Potassium Sorbate, Citric Acid, Potassium Hydroxide"
La Roche-Posay,Hyalu B5 Hyaluronic Acid Serum,normal,"antiaging,sen0",serum,https://s1.thcdn.com/productimg/1600/1600/11638522-1244568555997240.jpg,"Aqua / Water, Glycerin, Alcohol Denat., Propylene Glycol, Panthenol, Pentylene Glycol, Dimethicone, Peg-6 Caprylic/Capric, Glycerides, Ppg-6-Decyltetradeceth-30, Glyceryl Isostearate, Madecassoside, Sodium Hyaluronate, Ammonium, Polyacryloyldimethyl Taurate, Disodium Edta, Hydrolyzed Hyaluronic Acid, Caprylyl Glycol, Citric Acid, Xanthan Gum, Butylene Glycol, Tocopherol, Phenoxyethanol, Parfum /Fragrance. (Code F.I.L. : B212343/1)"
BIOEFFECT,EGF Serum,expensive,"antiaging,sen0",serum,https://s1.thcdn.com/productimg/1600/1600/11630906-8224535671074159.jpg,"Glycerine, Aqua, Sodium hyaluronate, Tromethamine, Sodium chloride, Hordeum vulgare seed extract, EGF (Transgenic barley sh-oligopeptide-1)"
Vichy,Slow Âge Day Fluid,cheap,"antiaging,sen1",serum,https://s1.thcdn.com/productimg/1600/1600/11434759-1114585100182566.jpg,"Aqua/Water Homosalate Octocrylene Glycerin Ethylhexyl Salicylate Bifida Ferment Lysate Silica Alcohol Denat. Butyl Methoxydibenzoylmethane Dimethicone Isopropyl Lauroyl Sarcosinate Styrene/Acrylates Copolymer PEG-100 Stearate Glyceryl Stearate Tocopherol Synthetic Wax PEG-8 Laurate CI 14700/Red 4 Stearic Acid Dicaprylyl Carbonate Stearyl Alcohol Dimethicone/Vinyl Dimethicone Crosspolymer Triethanolamine Myristic Acid Myristyl Alcohol Sodium Benzoate Palmitic Acid Phenoxyethanol Ammonium Polyacryloyldimethyl Taurate Ascorbyl Glucoside Disodium EDTA Capryloyl Salicylic Acid Caprylyl Glycol Xanthan Gum Scutellaria Baicalensis Extract/Scutellaria Baicalensis Root Extract T-Butyl Alcohol Cetyl Alcohol Parfum/Fragrance"
BareMinerals,Brilliant Future Age Defense and Renew Serum,normal,"antiaging,sen1",serum,https://s1.thcdn.com/productimg/1600/1600/11380951-1884446710621646.jpg,"Water (Aqua/Eau), Butylene Glycol, Propanediol, Glycerin, Ascorbyl Glucoside, Isodecyl Neopentanoate, Squalane, Behenyl Alcohol, Silica, Dimethicone, Potassium Hydroxide, Mica, Stearyl Alcohol, Carbomer, Ethylhexylglycerin, Sodium Methyl Stearoyl Taurate, Disodium Edta, Sodium Metaphosphate, Succinoglycan, Citric Acid, Sodium Citrate, Hydroxypropyl Cyclodextrin, Oryzanol, Olea Europaea (Olive) Leaf Extract, Crataegus Monogyna Flower Extract, Manganese Pca, Palmitoyl Tripeptide-38, Bupleurum Falcatum Root Extract, Glycyrrhiza Glabra (Licorice) Root Extract, Fragrance (Parfum), Limonene, Hexyl Cinnamal, Phenoxyethanol, Titanium Dioxide (Ci 77891), Iron Oxides (Ci 77491, Ci 77492)"
NIOD,Multi-Molecular Hyaluronic Complex,expensive,"antiaging,sen1",serum,https://s1.thcdn.com/productimg/1600/1600/11135679-1684625283524544.jpg,"Aqua (Water), Glycerin, Hydrolyzed Yeast Extract, Sodium Hyaluronate Crosspolymer, Dimethyl Isosorbide, Pentylene Glycol, Sodium Hyaluronate, Hydrolyzed Sodium Hyaluronate, Sodium Butyroyl Hyaluronate, Polyacrylate Crosspolymer-6, N-Acetyl-D-Glucosamine-6- Phosphate Disodium Salt, Betaine, Trisodium Ethylenediamine Disuccinate, Yeast Extract, Cetyl Hydroxyethylcellulose, Tamarindus Indica Seed Gum, Tremella Fuciformis Sporocarp Extract, Lecithin, Tetradecyl Aminobutyroylvalylaminobutyric Urea Trifluoroacetate, Myristoyl Nonapeptide-3, Magnesium Chloride, Sodium Benzoate, Potassium Sorbate, PPG-26-Buteth-26, PEG-40 Hydrogenated Castor Oil, Ethylhexylglycerin, Chlorphenesin, Phenoxyethanol, Polyglucuronic Acid"
La Roche-Posay,Redermic [R] Retinol Eye Cream,cheap,"sen1",eyecream,https://s1.thcdn.com/productimg/1600/1600/11091870-9884461781636947.jpg,"Aqua / water, isocetyl stearate, glycerin, octyldodecanol, propylene glycol, pentylene glycol, dimethicone, acrylamide/sodium acryloyldimethyltaurate Copolymer, cetearyl alcohol, dimethicone/vinyl dimethicone crosspolymer, caffein, isohexadecane, sodium hyaluronate, sodium hydroxide, retinol, retinyl linoleate, adenosine, Ammonium polyacryldimethyltauramide / ammonium polyacryloyldimethyl taurate, caprylyl glycol, citric acid, polysilicone-8, polysorbate 80, phenoxyethanol"
Origins,GinZing Refreshing Eye Cream to Brighten and Depuff,normal,"sen1",eyecream,https://s1.thcdn.com/productimg/1600/1600/11138331-6584608396569883.jpg,"Water\Aqua\Eau , Methyl Trimethicone , Butylene Glycol , Peg-100 Stearate , Dimethicone , Cetyl Ricinoleate , Silica , Olea Europaea (Olive) Fruit Oil , Glycerin , Behenyl Alcohol , Cucumis Sativus (Cucumber) Fruit Extract , Panax Ginseng (Ginseng) Root Extract , Castanea Sativa (Chestnut) Seed Extract , Camellia Sinensis (Green Tea) Leaf Extract , Cordyceps Sinensis Extract , Magnolia Officinalis Bark Extract , Pyrus Malus (Apple) Fruit Extract , Scutellaria Baicalensis Root Extract , Pantethine , Panthenol , Caprylic/Capric Triglyceride , Butyrospermum Parkii (Shea Butter) , Caffeine , Coleus Barbatus Extract , Yeast Extract\Faex\Extrait De Levure , Folic Acid , Hydrogenated Lecithin , Jojoba Wax Peg-120 Esters , Biotin , Tribehenin , Myristyl Alcohol , Palmitoyl Tetrapeptide-7 , Trehalose , Sodium Hyaluronate , Ascorbyl Tocopheryl Maleate , Hesperidin Methyl Chalcone , Sodium Sulfite , Sodium Metabisulfite , Steareth-20 , Dipeptide-2 , Ethylhexylglycerin , Carbomer , Tromethamine , Sorbic Acid , Chlorphenesin , Phenoxyethanol , Mica , Titanium Dioxide (Ci 77891) , Iron Oxides (Ci 77491, Ci 77492, Ci 77499)"
Bobbi Brown,Hydrating Eye Cream,expensive,"sen0",eyecream,https://s1.thcdn.com/productimg/1600/1600/11511621-1774503171303474.jpg,"Water, Ethylhexyl Palmitate, Squalane, Butylene Glycol, Cetyl Alcohol, Glyceryl Stearate, Hydrogenated Vegetable Oil, Simmondsia Chinensis (Jojoba) Seed Oil, Persea Gratissima (Avocado) Oil, Hamamelis Virginiana (Witch Hazel) Extract, Aloe Barbadensis Leaf Juice, Cholesterol, Peg-100 Stearate, Glycerin, Sodium Pca"
Aveda,Botanical Kinetics Purifying Gel Cleanser,cheap,"oily,sen0,ance",cleanser,https://s1.thcdn.com/productimg/0/960/960/10/10541410-1387831137-759727.jpg,"Water\Aqua\Eau , Sodium Methyl Cocoyl Taurate , Glycerin , Babassuamidopropyl Betaine , Sodium Chloride , Caffeine , Helianthus Annuus (Sunflower) Seed Oil , Tocopherol , Guar Hydroxypropyltrimonium Chloride , Xanthan Gum , Citric Acid , Fragrance (Parfum) , Geraniol , Linalool , Citronellol , Eugenol , Limonene , Sodium Phytate , Potassium Sorbate , Sodium Benzoate , Phenoxyethanol <ILN42887>"
Aveda,Stress-Fix Creme Cleansing Oil,normal,"oily,sen0,acne",cleanser,https://s1.thcdn.com/productimg/960/960/11095594-1514281391470885.jpg,"ater\Aqua\Eau , Glycerin , Glyceryl Laurate , Sodium Methyl Cocoyl Taurate , Sodium Cocoyl Isethionate , Helianthus Annuus (Sunflower) Seed Oil , Decyl Glucoside , Babassuamidopropyl Betaine , Sodium Chloride , Orbignya Oleifera (Babassu) Seed Oil , Tribehenin , Oleic/Linoleic/Linolenic Polyglycerides , Glyceryl Oleate , Coco-Glucoside , Aloe Barbadensis Leaf Juice Powder , Lavandula Angustifolia (Lavender) Oil , Salvia Sclarea (Clary) Oil , Lavandula Hybrida Oil , Tocopherol , Hydrogenated Lecithin , Sodium Lauroyl Lactylate , Guar Hydroxypropyltrimonium Chloride , Salicylic Acid , Sodium Gluconate , Fragrance (Parfum) , Linalool , Eugenol , Farnesol , Geraniol , Benzyl Benzoate , Limonene , Citric Acid , Sodium Citrate , Potassium Sorbate , Phenoxyethanol <ILN41209>"
COSRX,Low pH Good Morning Cleanser,expensive,"oily,sen0,acne",cleanser,https://s1.thcdn.com/productimg/1600/1600/11401192-1824651979604903.jpg,"Water, Cocamidopropyl Betaine, Sodium Lauroyl Methyl Isethionate, Polysorbate 20, Styrax Japonicus Branch/Fruit/Leaf Extract, Butylene Glycol, Saccharomyces Ferment, Cryptomeria Japonica Leaf Extract, Nelumbo Nucifera Leaf Extract, Pinus Palustris Leaf Extract, Ulmus Davidiana Root Extract, Oenothera Biennis (Evening Primrose) Flower Extract, Pueraria Lobata Root Extract, Melaleuca Alternifolia (Tea Tree) Leaf Oil, Allantoin, Caprylyl Glycol, Ethylhexylglycerin, Betaine Salicylate, Citric Acid, Ethyl Hexanediol, 1,2-Hexanediol, Trisodium Ethylenediamine Disuccinate, Sodium Benzoate, Disodium EDTA"
Darphin,Intral Redness Relief Soothing Serum,cheap,"oily,sen0,acne",serum,https://s1.thcdn.com/productimg/960/960/11089773-9234276181858451.jpg,"Water/Aqua/Eau, Butylene Glycol, Glycerin, Chamomilla Recutita (Matricaria) Flower Extract, Paeonia Suffruticosa (Peony) Root Extract, Alteromonas Ferment Extract, Crataegus Monogina Flower Extract, Panthenol, Glycosaminoglycans, Polygonum Cuspidatum Root Extract, Saccharomyces Lysate Extract, Yeast Extract/Faex/Extrait De Levure, Peg-40 Hydrogenated Castor Oil, Cellulose Gum, Glycereth-26, Fragrance (Parfum), Citric Acid, Xanthan Gum, Disodium Edta, Chlorphenesin, Sodium Benzoate, Phenoxyethanol"
bareMinerals,Blemish Remedy Anti-Imperfection Treatment Serum,normal,"oily,sen0,acne",serum,https://s1.thcdn.com/productimg/1600/1600/11380950-1284446710560776.jpg,"Water (Aqua/Eau), Butylene Glycol, Glycerin, Peg-32, Peg-6, Peg-8, Sodium Lactate, Zinc Pca, Potassium Hydroxide, Peg/Ppg-17/4 Dimethyl Ether, Urea, Glucosamine Hcl, Algae Extract, Saccharomyces Cerevisiae Extract, Hydrogenated Dimer Dilinoleyl Peg-44/Poly(1,2-Butanediol)-15 Dimethyl Ether, Ethylhexylglycerin, Xanthan Gum, Trehalose, Spiraea Ulmaria Extract, Dipotassium Glycyrrhizate, Alcohol, Disodium Edta, Paeonia Suffruticosa Root Extract, Tocopherol, Fragrance (Parfum), Limonene, Phenoxyethanol"
Darphin,Hydraskin Serum,expensive,"oily,sen0,acne",serum,https://s1.thcdn.com/productimg/1600/1600/10363058-1734619080364133.jpg,"Water\Aqua\Eau Propanediol Glycerin Butylene, Glycol Methyl Gluceth-20 Peg-40 Hydrogenated Castor Oil, Imperata Cylindrica Root Extract Punica Granatum, (Pomegranate) Extract Malachite Extract Sodium, Hyaluronate Tocopherol Ethylhexylglycerin Hyaluronic, Acid Trehalose Caprylyl Glycol Sodium Pca Sodium, Polyacrylate 1,2-Hexanediol Polyquaternium-51 Urea, Carbomer Sodium Carbomer Fragrance (Parfum) Butylphenyl, Methylpropional Hydroxyisohexyl 3-Cyclohexene, Carboxaldehyde Hexyl Cinnamal Alpha-Isomethyl Ionone, Limonene Linalool Hydroxycitronellal Tetrasodium Edta, Phenoxyethanol Chlorphenesin Potassium Sorbate Blue 1 (Ci, 42090)"
FARMACY,Honey Drop Lightweight Moisturising Cream,cheap,"oily,sen0,acne",moisturizer,https://s1.thcdn.com/productimg/1600/1600/11787599-4664602457528359.jpg,"Water/Aqua/Eau, Glycereth-26, Glycerin, C13-15 Alkane, Echinacea Purpurea Root Extract, Honey Extract, Propolis Extract, Royal Jelly Extract, Hydrolyzed Hyaluronic Acid, Hydrolyzed Sodium Hyaluronate, Sodium Hyaluronate, Theobroma Grandiflorum Seed Butter, Limnanthes Alba (Meadowfoam) Seed Oil, Camellia Japonica Seed Oil, Paeonia Suffruticosa Root Extract, Scutellaria Baicalensis Root Extract, Allantoin, Melia Azadirachta Leaf Extract, Lactobacillus/Soybean Ferment Extract, Melia Azadirachta Flower Extract, Imperata Cylindrica Root Extract, Viscum Album (Mistletoe) Leaf Extract, Solanum Melongena (Eggplant) Fruit Extract, Ocimum Basilicum (Basil) Flower/Leaf Extract, Coccinia Indica Fruit Extract, Adenosine, Betaine, Capryloyl Glycerin/Sebacic Acid Copolymer, Curcuma Longa (Turmeric) Root Extract, Aloe Barbadensis Flower Extract, Corallina Officinalis Extract, Ocimum Sanctum Leaf Extract, Eclipta Prostrata Extract, Flavor (Aroma), Sorbitan Olivate, Sucrose Stearate, Acrylates/C10-30 Alkyl Acrylate Crosspolymer, Disodium Edta, Glyceryl Polyacrylate, Agar, Calcium Alginate, Mica, Iron Oxide (Ci 77492), Propanediol, 1,2-Hexanediol, Methyl Gluceth-20, Diheptyl Succinate,Butylene Glycol, Carbomer, Hydroxyacetophenone, Tromethamine, Cetearyl Olivate, Alcohol Denat., Caprylyl Glycol"
First Aid Beauty,Ultra Repair Cream,normal,"oily,sen0,acne",moisturizer,https://s1.thcdn.com/productimg/1600/1600/11054488-6154648623388134.jpg,"Colloidal Oatmeal, Water, Stearic Acid, Glycerin, C12-15 Alkyl Benzoate, Caprylic/Capric Triglyceride, Glyceryl Stearate, Glyceryl Stearate SE, Cetearyl Alcohol, Caprylyl Glycol, Phenoxyethanol, Butyrospermum Parkii (Shea Butter), Squalane, Allantoin, Sodium Hydroxide, Dimethicone, Xanthan Gum, Disodium EDTA, Chrysanthemum Parthenium (Feverfew) Extract, Camellia Sinensis Leaf Extract, Butylene Glycol, Glycyrrhiza Glabra (Licorice) Root Extract, Eucalyptus Globulus Leaf Extract, Ceramide 3"
Clinique,Moisture Surge 72 Hour Auto Replenishing Hydrator,expensive,"oily,sen0,acne",moisturizer,https://s1.thcdn.com/productimg/1600/1600/11144741-9024614137417115.jpg,"Water\Aqua\Eau, Dimethicone, Butylene Glycol, Glycerin, Trisiloxane, Trehalose, Sucrose, Ammonium Acryloyldimethyltaurate/VP Copolymer, Hydroxyethyl Urea, Camellia Sinensis (Green Tea) Leaf Extract, Silybum Marianum (Lady's Thistle) Extract, Betula Alba (Birch) Bark Extract, Saccharomyces Lysate Extract, Aloe Barbadensis Leaf Water, Thermus Thermophillus Ferment, Caffeine, Sorbitol, Palmitoyl Hexapeptide-12, Sodium Hyaluronate, Caprylyl Glycol, Oleth-10, Sodium Polyaspartate, Saccharide Isomerate, Hydrogenated Lecithin, Tocopheryl Acetate, Acrylates/C10-30 Alkyl Acrylate Crosspolymer, Glyceryl Polymethacrylate, Tromethamine, PEG-8, Hexylene Glycol, Magnesium Ascorbyl Phosphate, Disodium EDTA, BHT, Phenoxyethanol, Red 4 (CI 14700), Yellow 5 (CI 19140)"
DECLÉOR,Phytopeel - Natural Exfoliating Cream,cheap,"oily,sen0,acne",extrafoliator,https://s1.thcdn.com/productimg/1600/1600/10362793-2044568999793480.jpg,"Water (Aqua), Stearic Acid, Magnesium Aluminum Silicate, Triethanolamine, Citrus Medica Limonum (Lemon) Peel Oil, Lavandula Angustifolia (Lavender) Oil, Thymus Mastichina (Sweet Marjoram) Oil, Arctium Majus Root Extract, Sambucus Nigra Flower Extract, Thymus Vulgaris (Thyme) Oil, Malva Sylvestris (Mallow) Extract, Propylene Glycol, Glyceryl Stearate, Peg-100 Stearate, Montmorillonite, Tetrasodium Edta, D-Limonene, Linalool, Phenoxyethanol, Methylparaben, Ethylparaben, Butylparaben, Isobutylparaben, Propylparaben"
Bobbi Brown,Buffing Grains Exfoliator for Face,normal,"oily,sen0,acne",extrafoliator,https://s1.thcdn.com/productimg/1600/1600/11511472-3254503167572209.jpg,"Polyethylene, Phaseolus Angularis Seed Powder, Hydrogenated Jojoba Oil, Sodium Lauryl Sulfoacetate, Hydrogenated Soybean Oil, Potassium Sorbate, Chlorphenesin, Polyethylene"
Lancôme,Energie De Vie Exfoliating Mask,expensive,"oily,sen0,acne",extrafoliator,https://s1.thcdn.com/productimg/1600/1600/11462518-1404530180539106.jpg,"Aqua / Water Glycerin Alcohol Denat. Melissa Officinalis Flower/Leaf/Stem Water Betaine Hydrogenated Castor Oil Citrus Limon Peel Powder / Lemon Peel Powder Ci 19140 / Yellow 5 Ci 42090 / Blue 1 Vaccinium Macrocarpon (Cranberry) Seed Oil Tocopherol Hydrogenated Jojoba Oil Sodium Hydroxide Sodium Hyaluronate Ppg-26-buteth-26 Peg-40 Hydrogenated Castor Oil Arginine Trisodium Ethylenediamine Disuccinate Tris(Tetramethylhydroxypiperidinol) Citrate Chlorphenesin Salicylic Acid Melissa Officinalis Leaf Oil Xanthan Gum Menthoxypropanediol Panax Ginseng Root Extract Propanediol Phospholipids Caprylyl Glycol Carbomer Citric Acid Parfum/Fragrance"
